<?xml version="1.0" encoding="utf-8"?>
<prefix name="forum" label="Forum" language_tag="en" language_label="English"><key name="activity_string"><value>&lt;a href="{$userUrl}"&gt;{$user}&lt;/a&gt; &lt;a href="{$url}"&gt;replied&lt;/a&gt; in &lt;a href="{$topicUrl}"&gt;{$topicTitle}&lt;/a&gt; forum topic</value></key><key name="activity_string_topic"><value>&lt;a href="{$userUrl}"&gt;{$user}&lt;/a&gt; started new discussion: &lt;a href="{$topicUrl}"&gt;{$topicTitle}&lt;/a&gt;</value></key><key name="add_new"><value>Start new</value></key><key name="add_new_comment"><value>Add new post</value></key><key name="add_new_forum_btn"><value>Add New Forum</value></key><key name="add_new_forum_description"><value>Description</value></key><key name="add_new_forum_name"><value>Forum name</value></key><key name="add_new_forum_section"><value>Section</value></key><key name="add_new_forum_submit"><value>Add</value></key><key name="add_new_forum_title"><value>Add Forum</value></key><key name="add_post_btn"><value>Post</value></key><key name="add_post_title"><value>Post Reply</value></key><key name="admin_config"><value>Forum - Plugin Settings</value></key><key name="attachments"><value>Attachments</value></key><key name="attachment_deleted"><value>File has been deleted</value></key><key name="attachment_filesize"><value>Attachment maximum file size</value></key><key name="attach_files"><value>Attach files</value></key><key name="author"><value>Author</value></key><key name="auth_action_label_edit"><value>Create/Edit topic</value></key><key name="auth_action_label_move_topic_to_hidden"><value>Move topics</value></key><key name="auth_action_label_subscribe"><value>Subscribe to forum topics</value></key><key name="auth_action_label_view"><value>View topic</value></key><key name="auth_group_label"><value>Forum</value></key><key name="back_to_topic"><value>« Back to topic</value></key><key name="by"><value>by</value></key><key name="chars_limit_exceeded"><value>Ouch, that's a long text! Try to be a little more compact, under {$limit} symbols.</value></key><key name="cmp_widget_forum_topics_count"><value>Number of topics to show</value></key><key name="cmp_widget_forum_topics_post_lenght"><value>Preview length for forum topic in characters</value></key><key name="confirm_delete_attachment"><value>Are you sure you want to delete this file?</value></key><key name="confirm_delete_forum"><value>Are you sure you want to remove ALL forum topics and sections?</value></key><key name="connect_forum_button"><value>Connect forum</value></key><key name="connect_forum_to_entity"><value>Add forum to this plugin</value></key><key name="create_new_topic"><value>Create New Forum Topic</value></key><key name="delete"><value>Delete</value></key><key name="delete_content"><value>Delete content and uninstall plugin</value></key><key name="delete_content_desc"><value>Before uninstalling forum plugin we have to remove all existing forum content. This may take awhile. That is why we will put the site to "maintenance mode" and activate it back upon completing the uninstall.</value></key><key name="delete_content_warning"><value>Warning</value></key><key name="delete_group"><value>delete</value></key><key name="delete_group_confirm"><value>Are you sure you want to delete forum group?</value></key><key name="delete_post_confirm"><value>Are you sure you want to delete the post?</value></key><key name="delete_section"><value>delete</value></key><key name="delete_section_confirm"><value>Are you sure you want to delete the forum section?</value></key><key name="delete_topic"><value>Delete</value></key><key name="delete_topic_confirm"><value>Are you sure you want to delete the topic?</value></key><key name="discussion"><value>Discussion</value></key><key name="edit"><value>Edit</value></key><key name="edit_group"><value>edit</value></key><key name="edit_group_btn"><value>Save</value></key><key name="edit_group_description"><value>Description</value></key><key name="edit_group_name"><value>Forum name</value></key><key name="edit_group_title"><value>Edit Forum Group</value></key><key name="edit_post_title"><value>Edit Post</value></key><key name="edit_section"><value>edit</value></key><key name="edit_section_btn"><value>Save</value></key><key name="edit_section_name"><value>Section Name</value></key><key name="edit_section_title"><value>Edit Forum Section</value></key><key name="edit_topic"><value>Edit</value></key><key name="edit_topic_title"><value>Edit Topic</value></key><key name="email_notifications_section_label"><value>Forum</value></key><key name="email_notifications_setting_post"><value>Someone posts a reply in a forum topic</value></key><key name="email_notification_post"><value>&lt;a href="{$userUrl}"&gt;{$userName}&lt;/a&gt; replied in &lt;a href="{$postUrl}"&gt;{$title}&lt;/a&gt; forum topic.</value></key><key name="enable_attachments"><value>Enable file attachments</value></key><key name="feed_activity_last_reply"><value>&lt;a href="{$postUrl}"&gt;Latest reply&lt;/a&gt;:</value></key><key name="feed_activity_topic_reply_string"><value>replied in forum topic</value></key><key name="feed_activity_topic_string"><value>posted a forum topic</value></key><key name="feed_activity_topic_string_like"><value>liked {$user}'s forum topic</value></key><key name="feed_content_label"><value>Forum topics</value></key><key name="feed_content_replies_label"><value>Forum topic replies</value></key><key name="feed_toolbar_discuss"><value>Discuss</value></key><key name="feed_toolbar_replies"><value>Replies: &lt;span class="ow_txt_value"&gt;{$postCount}&lt;/span&gt;</value></key><key name="file_size_validation_error"><value>Value is incorrect or greater than server limit</value></key><key name="flag"><value>Flag</value></key><key name="flags"><value>Forum posts</value></key><key name="forum"><value>Forum</value></key><key name="forum_already_connected"><value>Forum is already connected</value></key><key name="forum_index"><value>Forum home</value></key><key name="forum_page_heading"><value>{$forum} | Forum</value></key><key name="forum_quote"><value>Quote</value></key><key name="forum_quote_from"><value>from</value></key><key name="forum_settings"><value>Forum settings</value></key><key name="forum_topics_widget"><value>Forum Topics</value></key><key name="general_settings"><value>General settings</value></key><key name="goto_forum"><value>Go to Forum</value></key><key name="group_meta_description"><value>{$group} on {$site_name} forum</value></key><key name="in"><value>In</value></key><key name="is_private"><value>Private</value></key><key name="last_reply"><value>Last Reply</value></key><key name="locked"><value>locked</value></key><key name="lock_topic"><value>Lock</value></key><key name="lock_topic_confirm"><value>Are you sure you want to lock this topic?</value></key><key name="moved_from"><value>Topic was moved from &lt;a href="{$groupUrl}"&gt;{$groupName}&lt;/a&gt;.</value></key><key name="moved_to"><value>Topic was &lt;a href="{$topicUrl}"&gt;moved&lt;/a&gt;.</value></key><key name="move_topic"><value>Move</value></key><key name="move_topic_btn"><value>Move</value></key><key name="move_topic_title"><value>Move Topic</value></key><key name="new"><value>new</value></key><key name="new_topic_body"><value>Post body</value></key><key name="new_topic_btn"><value>New Topic</value></key><key name="new_topic_group"><value>Forum</value></key><key name="new_topic_subject"><value>Topic subject</value></key><key name="not_all_attachments_added"><value>Some attachments exceed allowed file size or their format not supported</value></key><key name="no_group"><value>No groups</value></key><key name="no_posts_found"><value>No posts found</value></key><key name="no_topic"><value>There are no topics here. You'll be the first.</value></key><key name="no_topics"><value>No topics</value></key><key name="page_title_uninstall"><value>Uninstall forum plugin</value></key><key name="permalink_label"><value>Message &lt;a href="{$permalink}"&gt;#{$number}&lt;/a&gt;</value></key><key name="plugin_set_for_uninstall"><value>Forum plugin uninstall initiated.</value></key><key name="post_edited"><value>The Forum post is edited by</value></key><key name="post_location"><value>Post location:</value></key><key name="quote"><value>Quote</value></key><key name="replies"><value>Replies</value></key><key name="search_invitation_all_forum"><value>Search all forum</value></key><key name="search_invitation_group"><value>Search this forum</value></key><key name="search_invitation_topic"><value>Search this topic</value></key><key name="search_page_heading"><value>Forum search</value></key><key name="select_group_error"><value>Please select forum section</value></key><key name="settings_updated"><value>Settings updated</value></key><key name="sort_by_date"><value>Last post date</value></key><key name="sort_by_relevance"><value>Relevance</value></key><key name="sticky"><value>sticky</value></key><key name="sticky_topic"><value>Make Sticky</value></key><key name="sticky_topic_confirm"><value>Are you sure you want to make this topic sticky?</value></key><key name="subscribe"><value>Subscribe to new posts</value></key><key name="subscription-added"><value>Topic subscription added</value></key><key name="subscription-canceled"><value>Topic subscription canceled</value></key><key name="this_topic"><value>This topic</value></key><key name="topic"><value>Topic</value></key><key name="topics"><value>Topics</value></key><key name="topic_attachments"><value>{$count} attached files</value></key><key name="topic_is_locked"><value>This topic is locked</value></key><key name="topic_is_sticky"><value>This topic is sticky</value></key><key name="topic_location"><value>Topic location:</value></key><key name="topic_page_heading"><value>{$topic} | Forum</value></key><key name="uninstall_inprogress"><value>In progress</value></key><key name="uninstall_inprogress_desc"><value>Please wait while all forum content is being removed. This make take awhile depending on the number of forum posts on your site.</value></key><key name="unlock_topic"><value>Unlock</value></key><key name="unlock_topic_confirm"><value>Are you sure you want to unlock this topic?</value></key><key name="unsticky_topic"><value>Remove from sticky</value></key><key name="unsticky_topic_confirm"><value>This topic will not be sticky. Are you sure you want to remove this topic from sticky ones?</value></key><key name="upload_ini_value"><value>(Server limit: {$value})</value></key><key name="usercredits_action_add_post"><value>Post in forum</value></key><key name="views"><value>Views</value></key><key name="visible_to"><value>Visible for user roles</value></key><key name="widget_latest_topics_label"><value>Forum</value></key></prefix>
