<?xml version="1.0" encoding="utf-8"?>
<prefix name="questions" label="Questions" language_tag="en" language_label="English"><key name="admin_allow_comments_label"><value>Enable comments</value></key><key name="admin_allow_popups_desc"><value>Open questions in pop-up window</value></key><key name="admin_allow_popups_label"><value>Enable pop-ups</value></key><key name="admin_enable_follow_desc"><value>Allow users to follow questions</value></key><key name="admin_enable_follow_label"><value>Enable follow</value></key><key name="admin_extended_version"><value>Extended Version</value></key><key name="admin_extended_version_page_heading"><value>Extended Questions</value></key><key name="admin_general_settings"><value>Settings</value></key><key name="admin_list_order_label"><value>Default list order</value></key><key name="admin_main_page_heading"><value>Questions</value></key><key name="admin_main_page_title"><value>Questions</value></key><key name="admin_main_settings_title"><value>General Settings</value></key><key name="admin_save_btn"><value>Save</value></key><key name="admin_settings_updated"><value>Settings have been updated</value></key><key name="admin_setup_extended_version_notification"><value>Extended version of &lt;b&gt;Questions&lt;/b&gt; plugin is available on Store. &lt;a href="{$href}"&gt;Read more...&lt;/a&gt;</value></key><key name="admin_setup_go_to_store"><value>Go to Store</value></key><key name="auth_add_answer"><value>Add options to questions of other users</value></key><key name="auth_add_comment"><value>Allow comments</value></key><key name="auth_answer"><value>Answer questions</value></key><key name="auth_answer_delete_comment"><value>The question author can delete comments</value></key><key name="auth_ask"><value>Ask questions</value></key><key name="auth_group_label"><value>Questions</value></key><key name="counter_comments_label"><value>comments</value></key><key name="counter_follows_label"><value>followers</value></key><key name="counter_votes_label"><value>votes</value></key><key name="delete_question_confirm"><value>Are you sure you want to delete this question? This cannot be undone.</value></key><key name="email_notifications_answer"><value>&lt;a href="{$userUrl}"&gt;{$userName}&lt;/a&gt; answered on &lt;a href="{$questionUrl}"&gt;question&lt;/a&gt; with &lt;a href="{$questionUrl}"&gt;{$answer}&lt;/a&gt;</value></key><key name="email_notifications_post"><value>&lt;a href="{$userUrl}"&gt;{$userName}&lt;/a&gt; commented on &lt;a href="{$questionUrl}"&gt;{$question}&lt;/a&gt;</value></key><key name="email_notifications_section_label"><value>Questions</value></key><key name="email_notifications_setting_answer"><value>Someone answered on a question in I follow</value></key><key name="email_notifications_setting_post"><value>Someone commented on a question I follow</value></key><key name="equestions+email_notifications_post"><value>&lt;a href="{$userUrl}"&gt;{$userName}&lt;/a&gt; commented on &lt;a href="{$questionUrl}"&gt;{$question}&lt;/a&gt;</value></key><key name="feedback_option_max_length"><value>The answer you entered is too long. Please try again.</value></key><key name="feedback_question_dublicate_option"><value>You were trying to add an option that already exists on this question</value></key><key name="feedback_question_empty"><value>Please enter a valid (non-empty) question.</value></key><key name="feedback_question_max_length"><value>The question you entered is too long. Please try again.</value></key><key name="feedback_question_min_length"><value>The question you entered is too short. Please try again.</value></key><key name="feedback_question_two_apt_required"><value>Please add at least two options or allow users to add options</value></key><key name="feed_content_label"><value>Questions</value></key><key name="feed_order_latest"><value>Most Recent</value></key><key name="feed_order_popular"><value>Most Popular</value></key><key name="followers_fb_title"><value>People who are following this question</value></key><key name="item_text_answer"><value>answered {$question} with {$with}</value></key><key name="item_text_create"><value>asked {$question}</value></key><key name="item_text_follow"><value>followed {$question}</value></key><key name="item_text_post"><value>commented {$question} with {$with}</value></key><key name="list_all_page_description"><value>Latest questions at {$site_name}</value></key><key name="list_all_page_title"><value>Questions at {$site_name}</value></key><key name="list_all_tab"><value>All questions</value></key><key name="list_friends_page_title"><value>Friends' questions at {$site_name}</value></key><key name="list_friends_tab"><value>Friends' questions</value></key><key name="list_heading"><value>Questions</value></key><key name="list_my_page_title"><value>My questions at {$site_name}</value></key><key name="list_my_tab"><value>My questions</value></key><key name="main_menu_list"><value>Questions</value></key><key name="more_options_btn"><value>&lt;span class="qa-vm-count"&gt;{$count}&lt;/span&gt; more...</value></key><key name="more_users_title"><value>[count] other people</value></key><key name="newsfeed_question_tab"><value>Question</value></key><key name="newsfeed_status_tab"><value>Status</value></key><key name="notifications_answer"><value>{$user} answered {$question} with {$answer}</value></key><key name="notifications_post"><value>{$user} commented on {$question} with {$post}</value></key><key name="not_authed_delete_warning"><value>You need to be logged in to delete questions</value></key><key name="not_authed_follow_warning"><value>You need to be logged in to follow questions</value></key><key name="not_authed_unfollow_warning"><value>You need to be logged in to unfollow questions</value></key><key name="option_add_btn"><value>Add</value></key><key name="option_add_inv"><value>Add an answer...</value></key><key name="option_not_empty_delete_warning"><value>Are you sure you want to delete this option and all votes on it? This cannot be undone.</value></key><key name="privacy_action_view_my_questions"><value>View my questions</value></key><key name="question_add_allow_add_opt"><value>Allow anyone to add options</value></key><key name="question_add_answers_label"><value>Poll options</value></key><key name="question_add_option_inv"><value>Add an option...</value></key><key name="question_add_save"><value>Ask Question</value></key><key name="question_add_show_options_btn"><value>Add Poll Options</value></key><key name="question_add_text_inv"><value>Ask something...</value></key><key name="question_asked_by"><value>Asked by</value></key><key name="question_delete_complete_msg"><value>Question was removed</value></key><key name="question_fb_title"><value>Question</value></key><key name="question_list_no_items"><value>No questions found</value></key><key name="question_not_found"><value>Question not found</value></key><key name="question_page_description"><value>{$question}</value></key><key name="question_page_title"><value>Question on {$site_name}</value></key><key name="toolbar_comment_btn"><value>Comment</value></key><key name="toolbar_delete_btn"><value>Delete</value></key><key name="toolbar_follow_btn"><value>Follow</value></key><key name="toolbar_unfollow_btn"><value>Unfollow</value></key><key name="toolbar_unvote_btn"><value>Unvote</value></key><key name="users_fb_title"><value>Users</value></key><key name="view_more_questions_btn"><value>View more</value></key><key name="widget_settings_add_new"><value>Allow add new questions</value></key><key name="widget_settings_count"><value>Items to show</value></key><key name="widget_settings_order"><value>List order</value></key><key name="widget_title"><value>Questions</value></key></prefix>
