<?xml version="1.0" encoding="utf-8"?>
<prefix name="groups" label="Groups" language_tag="en" language_label="English"><key name="activity_add_string"><value>&lt;a href="{$userUrl}"&gt;{$user}&lt;/a&gt; created new group: &lt;a href="{$groupUrl}"&gt;{$groupTitle}&lt;/a&gt;</value></key><key name="activity_join_string"><value>&lt;a href="{$userUrl}"&gt;{$user}&lt;/a&gt; just joined &lt;a href="{$groupUrl}"&gt;{$groupTitle}&lt;/a&gt; group</value></key><key name="additional_features"><value>Additional features</value></key><key name="add_new"><value>Create new</value></key><key name="add_new_label"><value>Group</value></key><key name="admin_sidebar_menu_label"><value>Groups</value></key><key name="auth_action_label_add_comment"><value>Write on comment wall</value></key><key name="auth_action_label_add_topic"><value>Create/Edit topic</value></key><key name="auth_action_label_create"><value>Create groups</value></key><key name="auth_action_label_delete_comment_by_content_owner"><value>The author can delete wall comments</value></key><key name="auth_action_label_view"><value>View groups</value></key><key name="auth_group_label"><value>Groups</value></key><key name="confirm_delete_groups"><value>Are you sure you want to remove ALL groups?</value></key><key name="create_field_description_label"><value>Description</value></key><key name="create_field_image_label"><value>Image</value></key><key name="create_field_title_label"><value>Title</value></key><key name="create_heading"><value>Create Group</value></key><key name="create_new_topic"><value>Create New Forum Topic - {$group}</value></key><key name="create_no_permission"><value>You are not allowed to create a group</value></key><key name="create_page_title"><value>Create new group - {$site_name}</value></key><key name="create_submit_btn_label"><value>Create</value></key><key name="create_success_msg"><value>Group created</value></key><key name="delete_complete_msg"><value>Group deleted</value></key><key name="delete_confirm_msg"><value>Are you sure you want to delete this group? THIS WILL REMOVE ALL CONTENT FROM IT.</value></key><key name="delete_content"><value>Delete content and uninstall plugin</value></key><key name="delete_content_desc"><value>Before uninstalling groups plugin we have to remove all existing groups. This may take awhile. That is why we will put the site to "maintenance mode" and activate it back upon completing the uninstall.</value></key><key name="delete_content_warning"><value>Warning</value></key><key name="delete_group_label"><value>Delete</value></key><key name="edit_back_label"><value>Back to group</value></key><key name="edit_btn_label"><value>Edit</value></key><key name="edit_submit_btn_label"><value>Save</value></key><key name="edit_success_msg"><value>Changes saved</value></key><key name="email_notification_comment"><value>&lt;a href="{$userUrl}"&gt;{$userName}&lt;/a&gt; added a wall comment in &lt;a href="{$url}"&gt;{$title}&lt;/a&gt; group</value></key><key name="email_notification_comment_setting"><value>Someone posts a wall comment in a group I participate in</value></key><key name="email_notification_section_label"><value>Groups</value></key><key name="errors_image_invalid"><value>Invalid image type. Only jpg/jpeg/png/gif allowed.</value></key><key name="errors_image_upload"><value>File upload failed</value></key><key name="error_forum_disconnected"><value>Attention: Forum is required for Groups. Go to &lt;a href="{$url}"&gt;plugin list&lt;/a&gt; to activate it</value></key><key name="feed_create_string"><value>created new group</value></key><key name="feed_follow_complete_msg"><value>You are now following {$groupTitle}</value></key><key name="feed_group_follow"><value>Follow</value></key><key name="feed_group_unfollow"><value>Unfollow</value></key><key name="feed_join_string"><value>just joined this group</value></key><key name="feed_unfollow_complete_msg"><value>You are no longer following {$groupTitle}</value></key><key name="flags"><value>Groups</value></key><key name="forum_connected"><value>Forum has been connected to Groups plugin</value></key><key name="general_settings"><value>General</value></key><key name="groups_widget_empty"><value>No groups</value></key><key name="group_already_exists"><value>The group with this name already exists</value></key><key name="group_list_heading"><value>Groups</value></key><key name="group_list_menu_item_latest"><value>Latest</value></key><key name="group_list_menu_item_popular"><value>Most Popular</value></key><key name="join_complete_message"><value>You've successfully joined this group</value></key><key name="latest_list_page_description"><value>Most recently created user groups at {$site_name}.</value></key><key name="latest_list_page_title"><value>Latest groups at {$site_name}</value></key><key name="leave_complete_message"><value>You've left this group</value></key><key name="listing_no_items_msg"><value>No groups available</value></key><key name="listing_users_label"><value>&lt;span class="ow_txt_value"&gt;{$count}&lt;/span&gt; members</value></key><key name="main_menu_list"><value>Groups</value></key><key name="page_title_uninstall"><value>Uninstall groups plugin</value></key><key name="plugin_set_for_uninstall"><value>Forum plugin uninstall initiated.</value></key><key name="popular_list_page_description"><value>Most popular created user groups at {$site_name}.</value></key><key name="popular_list_page_title"><value>Most popular groups at {$site_name}</value></key><key name="topic_page_heading"><value>{$topic} - {$group}</value></key><key name="uninstall_inprogress"><value>In progress</value></key><key name="uninstall_inprogress_desc"><value>Please wait while all forum content is being removed. This make take awhile depending on the number of groups on your site.</value></key><key name="usercredits_action_add_comment"><value>Comment group wall</value></key><key name="usercredits_action_add_group"><value>Create group</value></key><key name="usercredits_action_add_post"><value>Post in group forum</value></key><key name="user_groups_page_description"><value>User groups at {$site_name}.</value></key><key name="user_groups_page_title"><value>Groups at {$site_name}</value></key><key name="user_groups_widget_empty"><value>No groups</value></key><key name="user_group_list_heading"><value>{$userName}'s groups</value></key><key name="user_list_widget_empty"><value>Oops, no profiles</value></key><key name="view_all_topics"><value>« Back to group forum topic list</value></key><key name="view_no_permission"><value>You are not allowed to view groups</value></key><key name="view_page_description"><value>{$description}</value></key><key name="view_page_title"><value>{$group_name} - group at {$site_name}</value></key><key name="wall_widget_label"><value>The Wall</value></key><key name="widgets_panel_heading"><value>Groups Configuration</value></key><key name="widget_brief_info_admin"><value>Admin: &lt;a href="{$url}"&gt;{$name}&lt;/a&gt;</value></key><key name="widget_brief_info_create_date"><value>Created: {$date}</value></key><key name="widget_brief_info_label"><value>Group Info</value></key><key name="widget_groups_count_setting"><value>Count</value></key><key name="widget_groups_show_titles_setting"><value>Show Groups' titles</value></key><key name="widget_groups_title"><value>Groups</value></key><key name="widget_join_button"><value>Join</value></key><key name="widget_join_button_title"><value>Join Button</value></key><key name="widget_leave_button"><value>Leave Group</value></key><key name="widget_leave_button_title"><value>Leave Button</value></key><key name="widget_users_settings_count"><value>Count</value></key><key name="widget_users_title"><value>Users</value></key><key name="widget_users_view_all"><value>View all</value></key><key name="widget_user_groups_settings_count"><value>Number of groups to show</value></key><key name="widget_user_groups_title"><value>Groups</value></key><key name="widget_user_groups_view_all"><value>View all</value></key></prefix>
