<?xml version="1.0" encoding="utf-8"?>
<prefix name="uavatars" label="Avatar History" language_tag="en" language_label="English"><key name="admin_plugin_required_notification"><value>&lt;a href="{$settingUrl}"&gt;Avatar History&lt;/a&gt; requires for &lt;a href="{$pluginUrl}" target="_blank"&gt;Oxwall Photo&lt;/a&gt; plugin</value></key><key name="config_photo_album_name"><value>Album title</value></key><key name="config_photo_album_name_desc"><value>Choose a name for the album where avatars will be added.
&lt;span class="ow_remark"&gt;Don't forget to translate the album title to other languages on your site.&lt;/span&gt;</value></key><key name="config_save_label"><value>Save</value></key><key name="default_photo_album_name"><value>Profile Pictures</value></key><key name="general_section"><value>Settings</value></key><key name="heading_configuration"><value>Avatar History</value></key><key name="plugin_required_tip"><value>Since the plugin is extension for the &lt;a href="{$pluginUrl}" target="_blank"&gt;Oxwall Photo&lt;/a&gt; plugin you can not use it separately.</value></key></prefix>
