<?xml version="1.0" encoding="utf-8"?>
<prefix name="hint" label="User Hint" language_tag="en" language_label="English"><key name="admin-hit-preview"><value>Preview</value></key><key name="admin_button_configuration_label"><value>Actions</value></key><key name="admin_button_dnd_legend"><value>You can change the order of the buttons by dragging them to needed position.</value></key><key name="admin_button_features_label"><value>Additional Features</value></key><key name="admin_configs_saved"><value>Settings have been saved</value></key><key name="admin_configuration_label"><value>Hint configuration</value></key><key name="admin_heading"><value>User Hint</value></key><key name="admin_info0_label"><value>Line 0</value></key><key name="admin_info1_label"><value>Line 1</value></key><key name="admin_info2_label"><value>Line 2</value></key><key name="admin_info_label"><value>User information</value></key><key name="admin_notification"><value>{$plugin} requires your attention. Please review &lt;a href="{$settingsUrl}"&gt;the plugin settings&lt;/a&gt; and change them if it needed.</value></key><key name="admin_profile_cover_option"><value>Cover Image</value></key><key name="admin_save_btn"><value>Save</value></key><key name="button_friends_add_label"><value>Add Friend</value></key><key name="button_friends_remove_label"><value>Remove Friend</value></key><key name="button_send_message_label"><value>Send message</value></key><key name="button_view_profile_config"><value>View Profile</value></key><key name="button_view_profile_label"><value>View Profile</value></key><key name="friend_list_fb_title"><value>{$user}'s friends</value></key><key name="info-about-label"><value>About Me</value></key><key name="info-about-preview"><value>About Me</value></key><key name="info-gender-age-label"><value>Gender + Age</value></key><key name="info-gender-age-preview"><value>Gender + Age</value></key><key name="info-question-label"><value>Profile Question</value></key><key name="info_friend_list_label"><value>Friends</value></key><key name="leave_review_suggest"><value>Please, &lt;a href="{$pluginUrl}" target="_blank"&gt;leave a review&lt;/a&gt;  if you liked the plugin.</value></key><key name="mcompose_required_long"><value>You need to install {$plugin} to enable &lt;b&gt;{$feature}&lt;/b&gt; feature.</value></key><key name="mcompose_required_short"><value>{$plugin} is required</value></key><key name="uheader_required_long"><value>You need to install {$plugin} to enable &lt;b&gt;{$feature}&lt;/b&gt; feature.</value></key><key name="uheader_required_short"><value>{$plugin} is require</value></key><key name="view_all_users_title"><value>View all</value></key></prefix>
