<?xml version="1.0" encoding="utf-8"?>
<prefix name="virtualgifts" label="Virtual Gifts" language_tag="en" language_label="English"><key name="add_category"><value>Add category</value></key><key name="add_template"><value>Add new template</value></key><key name="admin_page_heading"><value>Virtual Gifts plugin configuration</value></key><key name="auth_action_label_send_gift"><value>Send gift</value></key><key name="auth_group_label"><value>Virtual Gifts</value></key><key name="btn_add"><value>Add</value></key><key name="btn_save"><value>Save</value></key><key name="btn_send"><value>Send</value></key><key name="by"><value>by &lt;a href="{$senderUrl}"&gt;{$sender}&lt;/a&gt;</value></key><key name="categories"><value>Gift categories</value></key><key name="category"><value>Category</value></key><key name="category_2"><value>Cat 1</value></key><key name="category_3"><value>Cat 2</value></key><key name="category_4"><value>Cat 3</value></key><key name="category_added"><value>Gift category has been added</value></key><key name="category_deleted"><value>Category has been deleted</value></key><key name="category_list"><value>Category list</value></key><key name="category_not_deleted"><value>Please delete this category gifts first</value></key><key name="category_title"><value>Category title:</value></key><key name="choose_friends"><value>Choose friends</value></key><key name="cmp_widget_gifts_count"><value>Gifts count</value></key><key name="confirm_delete_gifts"><value>Are you sure you want to remove ALL user gifts?</value></key><key name="confirm_template_delete"><value>Are you sure you want to delete this gift template?</value></key><key name="delete_content"><value>Delete content and uninstall plugin</value></key><key name="delete_content_desc"><value>Before uninstalling gifts plugin we have to remove all existing user gifts content. This may take awhile. That is why we will put the site to "maintenance mode" and activate it back upon completing the uninstall.</value></key><key name="delete_content_warning"><value>Warning</value></key><key name="email_notifications_section_label"><value>Gifts</value></key><key name="email_notifications_send_gift"><value>&lt;a href="{$senderUrl}"&gt;{$senderName}&lt;/a&gt; sent you a &lt;a href="{$giftUrl}"&gt;gift&lt;/a&gt;</value></key><key name="email_notifications_setting_send_gift"><value>Someone sends me a gift</value></key><key name="existing_gifts"><value>Existing gifts</value></key><key name="feed_content_gift"><value>Virtual gifts</value></key><key name="feed_string"><value>granted &lt;a href="{$recipientUrl}"&gt;{$recipientName}&lt;/a&gt; a gift!</value></key><key name="file_type_not_allowed"><value>Selected image file type is not allowed</value></key><key name="gifts"><value>Gifts</value></key><key name="gift_by"><value>Gift by {$userName}</value></key><key name="gift_deleted"><value>Gift deleted</value></key><key name="gift_image"><value>Gift image</value></key><key name="gift_not_selected"><value>Please select a gift</value></key><key name="gift_not_sent"><value>Gift has not been sent</value></key><key name="gift_price"><value>Gift price</value></key><key name="gift_sent"><value>Gift has been sent</value></key><key name="gift_sent_to"><value>Gift was sent to {$count} user(s)</value></key><key name="message"><value>Message</value></key><key name="meta_description_user_gifts"><value>These virtual gifts were received by {$recipient} on {$site_name}.</value></key><key name="meta_description_view_gift"><value>This is a virtual gift for {$recipient} from {$sender}.</value></key><key name="meta_description_view_gift_msg"><value>{$message} - This is a virtual gift for {$recipient} from {$sender}.</value></key><key name="meta_title_my_gifts"><value>My gifts - {$site_name}</value></key><key name="meta_title_user_gifts"><value>{$recipient}'s virtual gifts - {$site_name}</value></key><key name="meta_title_view_gift"><value>Virtual gift for {$recipient} - {$site_name}</value></key><key name="meta_title_view_gift_msg"><value>{$message} - Virtual gift for {$recipient} - {$site_name}</value></key><key name="my_gifts"><value>My gifts</value></key><key name="not_authenticated"><value>You need to sign in to send gifts</value></key><key name="not_authorized"><value>You do not have enough permissions to send gifts</value></key><key name="no_gifts"><value>You have not received any gift yet</value></key><key name="no_image_selected"><value>No image file selected</value></key><key name="no_users_selected"><value>No users selected</value></key><key name="page_title_uninstall"><value>Uninstall virtual gifts plugin</value></key><key name="plugin_set_for_uninstall"><value>Virtual gifts plugin uninstall initiated.</value></key><key name="private_gift"><value>Private gift</value></key><key name="private_gift_note"><value>This gift is visible to you and {$username} only</value></key><key name="profile_toolbar_item_send_gift"><value>Send gift</value></key><key name="send_gift"><value>Send gift</value></key><key name="send_gift_to"><value>Send gift to {$user}</value></key><key name="send_multiple_gifts_error"><value>Gift price is {$price} credits. Your current balance is {$balance} credits. You do not have enough credits to send gifts to selected friends</value></key><key name="send_private"><value>Send private gift</value></key><key name="send_private_gift"><value>Send private gift &lt;span class="ow_small"&gt;(visible to &lt;b&gt;{$user}&lt;/b&gt; only)&lt;/span&gt;</value></key><key name="send_return_gift"><value>Send a gift in return</value></key><key name="send_this_gift"><value>Send this gift to friends</value></key><key name="template_added"><value>Template has been added</value></key><key name="template_list"><value>Gift list</value></key><key name="template_not_added"><value>Template has not been added</value></key><key name="template_updated"><value>Template has been updated</value></key><key name="uncategorized"><value>Not in category</value></key><key name="uninstall_inprogress"><value>In progress</value></key><key name="uninstall_inprogress_desc"><value>Please wait while all gifts content is being removed. This make take awhile depending on the number of gifts on your site.</value></key><key name="usercredits_action_send_virtual_gift"><value>Send virtual gifts</value></key><key name="user_gifts"><value>Gifts received by {$user}</value></key></prefix>
