<?xml version="1.0" encoding="utf-8"?>
<prefix name="cloudflare" label="CloudFlare" language_tag="en" language_label="English"><key name="admin_index_heading"><value>CloudFlare Settings</value></key><key name="admin_index_property_id_save_success_message"><value>Settings saved</value></key><key name="admin_settings_section_label"><value>Settings</value></key><key name="admin_settings_web_property_id_desc"><value>This plugin implements &lt;a href="https://www.cloudflare.com/"&gt;ClouFlare service&lt;/a&gt; support. You need to have an account with them, and have your website configured, otherwise it will have no effect.&#13;
&#13;
&lt;a href="http://docs.oxwall.org/plugin-tuts:cloudflare"&gt;Read instructions here&lt;/a&gt;.</value></key><key name="admin_settings_web_property_id_label"><value>Enable CloudFlare support</value></key></prefix>
